sff,n
0.13,0
0.1138,0
0.07743,0
0.03759,0
0.02568,0
0.02056,0
0.02038,0
0.01736,0
0.01556,0
1,0
